"id","instanceID"
"E86","486"
"E82","482"
"E84","469"
"A433","464"
"E64","463"
"A610","444"
"E21","448"
"E12","436"
"E67","432"
"E58","427"
"E38","424"
"A560","418"
"E34","419"
"E49","412"
"E19","406"
"E4","409"
"E72","402"
"E23","399"
"E14","404"
"E15","394"
"A581","388"
"B292","385"
"E27","382"
"E44","439"
"A542","430"
"E20","381"
"B291","1728"
"B49","1729"
"B213","1730"
"B63","1731"
"B45","1732"
"B62","1733"
"B113","1734"
"B293","1735"
"B232","1736"
"B228","1737"
"B160","1738"
"B224","1739"
"B64","1741"
"B39","1742"
"B125","1743"
"B68","1744"
"B131","1745"
"B69","1746"
"B130","1747"
"B214","1748"
"B289","1749"
"B46","1750"
"B137","1751"
"B48","1752"
"B65","1753"
"B138","1754"
"B124","1755"
"B47","1756"
"B235","1757"
"B219","1758"
"B161","1759"
"A1012","1760"
"B117","1761"
"B59","1762"
"A1513","1763"
"B227","1764"
"B40","1765"
"B41","1766"
"A940","1767"
"B210","1768"
"B209","1769"
"B268","1770"
"B269","1771"
"B270","1772"
"B217","1773"
"B304","1774"
"B201","1775"
"B295","1776"
"B294","1777"
"B57","1778"
"A1036","1779"
"B272","1780"
"B276","1781"
"B287","1782"
"B303","1783"
"B240","1784"
"B278","1785"
"B255","1786"
"B258","1787"
"B351","1788"
"B288","1789"
"B259","1790"
"B187","1791"
"B280","1792"
"B290","1793"
"B297","1794"
"B42","1795"
"B299","1796"
"B251","1797"
"B282","1798"
"B283","1799"
"B183","1800"
"B207","1801"
"B250","1802"
"B306","1803"
"B202","1804"
"B205","1805"
"B204","1806"
"B194","1807"
"B191","1808"
"B200","1809"
"B199","1810"
"B198","1811"
"B180","1812"
"B206","1813"
"B195","1814"
"B190","1815"
"B193","1816"
"B273","1817"
"B208","1818"
"B203","1819"
"B196","1820"
"B305","1821"
"B263","1822"
"B216","1823"
"B189","1824"
"B192","1825"
"B178","1826"
"B262","1827"
"B267","1828"
"B264","1829"
"B257","1830"
"B284","1831"
"B358","1832"
"B281","1833"
"B197","1834"
"B176","1835"
"B182","1836"
"B215","1837"
"B285","1838"
"B352","1839"
"B186","1840"
"B302","1841"
"B359","1842"
"B184","1843"
"B172","1844"
"B174","1845"
"B171","1846"
"B239","1847"
"B244","1848"
"B243","1849"
"B242","1850"
"B241","1851"
"B188","1853"
"A496","1854"
"A495","1855"
"A340","1856"
"A460","1857"
"A629","1858"
"A342","1859"
"A621","1860"
"A341","1861"
"A461","1862"
"A620","1863"
"A459","1864"
"A561","1865"
"A419","1866"
"A493","1867"
"A418","1868"
"A339","1869"
"A420","1870"
"A491","1871"
"A628","1872"
"A494","1873"
"A625","1874"
"A347","1875"
"A348","1876"
"E94","1877"
"A497","1878"
"A465","1879"
"A344","1880"
"A345","1881"
"A346","1882"
"A623","1883"
"A464","1884"
"A626","1885"
"A627","1886"
"A476","1887"
"A472","1888"
"A327","1888"
"A485","1889"
"A486","1890"
"A487","1891"
"A483","1892"
"A478","1893"
"A484","1894"
"A482","1895"
"A481","1896"
"A477","1897"
"A469","1898"
"A470","1899"
"A473","1900"
"A471","1901"
"A350","1902"
"A349","1903"
"B387","1904"
"B486","1905"
"B393","1906"
"B388","1907"
"B375","1908"
"B380","1909"
"B307","1910"
"B483","1911"
"B314","1912"
"B366","1913"
"B490","1914"
"B378","1915"
"B399","1916"
"B333","1917"
"B430","1918"
"B472","1919"
"B471","1920"
"B479","1921"
"B386","1922"
"B363","1923"
"B382","1924"
"B478","1925"
"B379","1926"
"B367","1927"
"B442","1927"
"B392","1928"
"B484","1929"
"B432","1930"
"B335","1931"
"B365","1932"
"B373","1933"
"B381","1934"
"B377","1935"
"B470","1936"
"B389","1937"
"B332","1938"
"B364","1939"
"B369","1940"
"B371","1941"
"B331","1942"
"B473","1943"
"B391","1944"
"B383","1945"
"B325","1946"
"B424","1947"
"B185","1948"
"B326","1948"
"B434","1948"
"B427","1949"
"B129","1950"
"B324","1951"
"B368","1952"
"B372","1953"
"B374","1954"
"B428","1955"
"A323","1958"
"A458","1959"
"A415","1960"
"A330","1961"
"A452","1962"
"A319","1963"
"A329","1964"
"A321","1965"
"A456","1966"
"A453","1967"
"A311","1968"
"E93","1969"
"A320","1970"
"A397","1971"
"A402","1972"
"A412","1973"
"A410","1974"
"A411","1975"
"A414","1976"
"A416","1977"
"A317","1978"
"A404","1979"
"A405","1980"
"A400","1981"
"A403","1982"
"A409","1983"
"A398","1984"
"A406","1985"
"E63","1986"
"B344","1987"
"B339","1988"
"B414","1989"
"B458","1990"
"B338","1991"
"B350","1992"
"B435","1993"
"B337","1994"
"B349","1995"
"B465","1996"
"B467","1997"
"B441","1998"
"B433","1999"
"B437","2000"
"B451","2001"
"B448","2002"
"B348","2004"
"B345","2005"
"B346","2006"
"B445","2007"
"B456","2008"
"B449","2009"
"B438","2010"
"B396","2011"
"B443","2012"
"B450","2013"
"B446","2014"
"B343","2015"
"B397","2016"
"B347","2017"
"B463","2018"
"B454","2019"
"B394","2020"
"B406","2021"
"B466","2022"
"B439","2023"
"B476","2024"
"C1","2025"
"C13","2026"
"C4","2027"
"C12","2028"
"C6","2029"
"C16","2030"
"C14","2031"
"C2","2032"
"C7","2033"
"C11","2034"
"C20","2035"
"C5","2036"
"C74","2037"
"C31","2038"
"C24","2039"
"C34","2040"
"C72","2041"
"C32","2042"
"C36","2043"
"C35","2044"
"C29","2045"
"C27","2046"
"C71","2047"
"C23","2048"
"C25","2049"
"C86","2050"
"C85","2051"
"C37","2052"
"C80","2053"
"C45","2054"
"C48","2055"
"C83","2057"
"C43","2058"
"C41","2059"
"C33","2060"
"C46","2061"
"C76","2062"
"C49","2063"
"C81","2064"
"C75","2065"
"C47","2066"
"E87","2067"
"A511","2069"
"A510","2070"
"A520","2071"
"A519","2072"
"A517","2073"
"A526","2074"
"A523","2075"
"A531","2076"
"A528","2077"
"A529","2078"
"A539","2079"
"A532","2080"
"A527","2081"
"E53","2082"
"E17","2083"
"A541","2085"
"A548","2089"
"E37","2093"
"A573","2094"
"E83","2095"
"E7","2096"
"A570","2098"
"E71","2099"
"A580","2100"
"A611","2101"
"E2","2104"
"E1","2105"
"A602","2108"
"A613","2109"
"A608","2110"
"A609","2111"
"E79","2112"
"A612","2113"
"A633","2114"
"A636","2115"
"A694","2116"
"A693","2117"
"A691","2118"
"A692","2119"
"A689","2120"
"B128","2121"
"B212","2122"
"B123","2123"
"B134","2124"
"B135","2125"
"B136","2126"
"B133","2127"
"B132","2128"
"B67","2129"
"B116","2130"
"B271","2131"
"B119","2132"
"B127","2133"
"B126","2134"
"B163","2135"
"B266","2136"
"B277","2137"
"B286","2138"
"B362","2139"
"B112","2140"
"B298","2141"
"B296","2142"
"B361","2143"
"B360","2144"
"B300","2145"
"B265","2146"
"B173","2147"
"B43","2148"
"B279","2149"
"B253","2150"
"B256","2151"
"B261","2152"
"B260","2153"
"B248","2154"
"B275","2155"
"B274","2156"
"B247","2157"
"B181","2158"
"B179","2159"
"B254","2161"
"B246","2162"
"B301","2163"
"B175","2164"
"B249","2165"
"A492","2166"
"E92","2167"
"A417","2168"
"A562","2169"
"A467","2170"
"A563","2171"
"A343","2172"
"A498","2173"
"A622","2174"
"A463","2175"
"A466","2176"
"A462","2177"
"A468","2178"
"A490","2179"
"A475","2180"
"A480","2181"
"A488","2182"
"A474","2183"
"A479","2184"
"B311","2185"
"B310","2186"
"B309","2187"
"B308","2188"
"B485","2189"
"B482","2190"
"B329","2191"
"B322","2192"
"B317","2193"
"B320","2194"
"B316","2195"
"B319","2196"
"B487","2197"
"B488","2198"
"B318","2199"
"B422","2200"
"B321","2201"
"B328","2202"
"B421","2203"
"B474","2204"
"B384","2205"
"B385","2206"
"B376","2207"
"B315","2208"
"B336","2209"
"B431","2210"
"B489","2211"
"B426","2212"
"B462","2213"
"B370","2214"
"B390","2215"
"B429","2216"
"B423","2217"
"B323","2218"
"B225","2219"
"B313","2220"
"B327","2221"
"B312","2222"
"B330","2223"
"B481","2224"
"B480","2225"
"B477","2226"
"B425","2227"
"A328","2228"
"A454","2229"
"A336","2230"
"A455","2231"
"A457","2232"
"A337","2233"
"A335","2234"
"A333","2235"
"A334","2236"
"A332","2237"
"A326","2238"
"A325","2239"
"A312","2240"
"A401","2241"
"A451","2242"
"A322","2243"
"A407","2244"
"A316","2245"
"A408","2246"
"A310","2247"
"A324","2248"
"A630","2249"
"A413","2250"
"A318","2251"
"A399","2252"
"B401","2253"
"B409","2254"
"B416","2255"
"B457","2256"
"B469","2257"
"B402","2258"
"B444","2259"
"B475","2260"
"B447","2262"
"B404","2263"
"B415","2264"
"B398","2265"
"B461","2266"
"B420","2267"
"B453","2268"
"B419","2269"
"B400","2270"
"B452","2271"
"B407","2272"
"B334","2273"
"B460","2274"
"B405","2275"
"B341","2276"
"B436","2277"
"B440","2278"
"B464","2279"
"B395","2280"
"B342","2281"
"B417","2282"
"B418","2283"
"B468","2284"
"B340","2285"
"B403","2286"
"B459","2287"
"B455","2288"
"C21","2289"
"C19","2290"
"C3","2291"
"C10","2292"
"C9","2293"
"C18","2294"
"C17","2295"
"C15","2296"
"C26","2297"
"C30","2298"
"C28","2299"
"C73","2300"
"C22","2301"
"E96","2302"
"C39","2303"
"C79","2304"
"C42","2305"
"C38","2306"
"C40","2307"
"C51","2308"
"C82","2309"
"C84","2310"
"C52","2311"
"C50","2312"
"C44","2313"
"C78","2314"
"C53","2315"
"C57","2316"
"C61","2317"
"C60","2318"
"C58","2319"
"C59","2320"
"C56","2321"
"C55","2322"
"C54","2323"
"C68","2324"
"C70","2325"
"C69","2326"
"C67","2327"
"C65","2328"
"C63","2329"
"C92","2330"
"C66","2331"
"C64","2332"
"C62","2333"
"C89","2334"
"C93","2335"
"C87","2336"
"C90","2337"
"B412","2338"
"B411","2339"
"A331","2340"
"A503","2340"
"A505","2341"
"A506","2342"
"C96","2343"
"C95","2344"
"B410","2345"
"A502","2346"
"A500","2347"
"A504","2348"
"A507","2349"
"A501","2350"
"C91","2351"
"C88","2352"
"C94","2353"
"E78","2354"
"A512","2355"
"A513","2356"
"A509","2357"
"A508","2358"
"A521","2359"
"A518","2360"
"A522","2361"
"A525","2362"
"A524","2363"
"A530","2364"
"A534","2365"
"A533","2366"
"E45","2367"
"E13","2368"
"A535","2369"
"E56","2371"
"E62","2372"
"A552","2375"
"E54","2377"
"E70","2378"
"A565","2379"
"E36","2383"
"E35","2385"
"A574","2386"
"E69","2387"
"A586","2389"
"E3","2390"
"A585","2391"
"A583","2392"
"E25","2393"
"A591","2394"
"A590","2395"
"A516","2396"
"A589","2396"
"A588","2397"
"A594","2398"
"A595","2399"
"A593","2400"
"A592","2401"
"A598","2402"
"A833","2402"
"A599","2403"
"A597","2404"
"A596","2405"
"A604","2406"
"A601","2407"
"A603","2408"
"A607","2409"
"E80","2410"
"A606","2411"
"A615","2412"
"A616","2413"
"A632","2414"
"E22","2415"
"A635","2416"
"A638","2417"
"A634","2418"
"A640","2421"
"A641","2422"
"A642","2423"
"A766","2423"
"A644","2424"
"A643","2425"
"A647","2426"
"E41","2427"
"A645","2428"
"A651","2429"
"A649","2430"
"A654","2431"
"A648","2432"
"A653","2433"
"A652","2435"
"A659","2436"
"A658","2437"
"A657","2438"
"A656","2439"
"A655","2440"
"A661","2441"
"A660","2442"
"A662","2443"
"A663","2444"
"A664","2445"
"A665","2446"
"A666","2447"
"A670","2448"
"A669","2449"
"A667","2450"
"A668","2451"
"A676","2452"
"A675","2453"
"A673","2454"
"A674","2455"
"A671","2456"
"A672","2457"
"A677","2458"
"A683","2459"
"A682","2460"
"A681","2461"
"A680","2462"
"A679","2463"
"A678","2464"
"A687","2465"
"A695","2466"
"A688","2467"
"A696","2468"
"A686","2469"
"A685","2470"
"A684","2471"
"A690","2472"
"A700","2473"
"A699","2474"
"A698","2475"
"A697","2476"
"A284","956"
"A286","957"
"A283","958"
"A20","959"
"A80","960"
"A16","961"
"A15","962"
"A83","963"
"A285","964"
"A22","965"
"A88","966"
"A13","967"
"A21","968"
"A282","969"
"A90","970"
"A3","971"
"A93","972"
"A11","973"
"A91","974"
"A86","975"
"A94","976"
"A24","977"
"A25","978"
"A92","979"
"A287","980"
"A23","981"
"A85","982"
"A82","983"
"A19","984"
"A17","985"
"A73","986"
"A281","987"
"A87","988"
"A71","989"
"A77","990"
"A75","991"
"A18","992"
"A26","993"
"A27","994"
"A8","995"
"A12","996"
"A28","997"
"A29","998"
"A7","999"
"A6","1000"
"A74","1001"
"A14","1002"
"A89","1003"
"A79","1004"
"A5","1005"
"A2","1006"
"A72","1007"
"A9","1008"
"A76","1009"
"A78","1010"
"A81","1011"
"A4","1012"
"A84","1013"
"A1","1014"
"A10","1015"
"B6","1016"
"B75","1017"
"B8","1018"
"B7","1019"
"A489","1020"
"A1013","1021"
"B3","1022"
"B4","1023"
"B11","1024"
"B10","1025"
"B9","1026"
"B73","1027"
"B72","1028"
"B2","1029"
"B21","1030"
"B20","1031"
"B19","1032"
"B1","1033"
"B5","1034"
"B81","1035"
"B76","1036"
"B80","1037"
"B12","1038"
"B79","1039"
"A1051","1040"
"B82","1041"
"B84","1042"
"B83","1043"
"B17","1044"
"B143","1045"
"B14","1046"
"B16","1047"
"B77","1048"
"B13","1049"
"B29","1050"
"B141","1051"
"B85","1052"
"A1011","1053"
"B142","1054"
"B22","1055"
"B25","1056"
"B23","1057"
"B38","1058"
"B37","1059"
"B36","1060"
"B108","1061"
"B34","1062"
"B35","1063"
"B32","1064"
"B144","1065"
"B31","1066"
"B86","1067"
"B33","1068"
"B27","1069"
"B26","1070"
"B28","1071"
"B24","1072"
"B94","1073"
"B153","1074"
"B152","1075"
"B30","1076"
"B151","1077"
"B91","1078"
"B95","1080"
"B150","1081"
"B110","1082"
"B147","1083"
"B93","1084"
"B146","1085"
"B145","1086"
"B92","1087"
"B90","1088"
"B89","1089"
"B88","1090"
"B109","1091"
"B87","1092"
"B100","1093"
"B97","1094"
"B154","1095"
"B149","1096"
"B148","1097"
"B98","1098"
"B104","1099"
"B107","1100"
"B106","1101"
"B155","1102"
"B103","1103"
"B99","1104"
"B101","1105"
"A1014","1106"
"B105","1107"
"B96","1108"
"A34","1109"
"A47","1110"
"A111","1111"
"A106","1112"
"A103","1113"
"A110","1114"
"A48","1115"
"A35","1116"
"A108","1117"
"A104","1118"
"A41","1119"
"A40","1120"
"A30","1121"
"A109","1122"
"A32","1123"
"A45","1124"
"A99","1125"
"A42","1126"
"A31","1127"
"A44","1128"
"A36","1129"
"A105","1130"
"A107","1131"
"A101","1132"
"A98","1133"
"A100","1134"
"A97","1135"
"A33","1136"
"A95","1137"
"A96","1138"
"A37","1139"
"A46","1140"
"A43","1141"
"A39","1142"
"A38","1143"
"A102","1144"
"A352","1145"
"A118","1146"
"A351","1147"
"A50","1148"
"A115","1149"
"A120","1150"
"A116","1151"
"A114","1152"
"A53","1153"
"A52","1154"
"A121","1155"
"A98","1156"
"A58","1157"
"A56","1158"
"A112","1159"
"A122","1160"
"A113","1161"
"A290","1162"
"A130","1163"
"A55","1164"
"A57","1165"
"A363","1166"
"A360","1167"
"A359","1168"
"A54","1169"
"A362","1170"
"A132","1171"
"A70","1172"
"A68","1173"
"A119","1174"
"A117","1175"
"A51","1176"
"A358","1177"
"A361","1178"
"A355","1179"
"A65","1180"
"A353","1181"
"A124","1182"
"A426","1183"
"A127","1184"
"A59","1185"
"A66","1186"
"A445","1187"
"A61","1188"
"A60","1189"
"A69","1190"
"A67","1191"
"A354","1192"
"A289","1193"
"A357","1194"
"A136","1195"
"A288","1196"
"A131","1197"
"A135","1198"
"A64","1199"
"A434","1200"
"A63","1201"
"A378","1202"
"A294","1203"
"A292","1204"
"A291","1205"
"A424","1206"
"A295","1207"
"A374","1208"
"A432","1209"
"A140","1210"
"A375","1211"
"A62","1212"
"A431","1213"
"A137","1214"
"A421","1215"
"A379","1216"
"A293","1217"
"A423","1218"
"A437","1219"
"A134","1220"
"A364","1221"
"A138","1222"
"A366","1223"
"A371","1224"
"A377","1225"
"A372","1226"
"A382","1227"
"A125","1228"
"A123","1229"
"A429","1230"
"A356","1231"
"A128","1232"
"A380","1233"
"A129","1234"
"A427","1235"
"A296","1236"
"A425","1237"
"A422","1238"
"A133","1239"
"A428","1240"
"A436","1241"
"A439","1242"
"A438","1243"
"A376","1244"
"A373","1245"
"A381","1246"
"A367","1247"
"A369","1248"
"A139","1249"
"A368","1250"
"A370","1251"
"A435","1252"
"A126","1253"
"A440","1254"
"A365","1255"
"A430","1256"
"A307","1258"
"A308","1259"
"A306","1260"
"A303","1261"
"A300","1262"
"A315","1263"
"A314","1264"
"A304","1265"
"A302","1266"
"A301","1267"
"A298","1268"
"A299","1269"
"A309","1270"
"A305","1271"
"A448","1272"
"A395","1273"
"A387","1274"
"A393","1275"
"A394","1276"
"A389","1277"
"A390","1278"
"A392","1279"
"A385","1280"
"A396","1281"
"A447","1282"
"A391","1283"
"A383","1284"
"A386","1285"
"A297","1286"
"A446","1287"
"A443","1288"
"A442","1289"
"A384","1290"
"A388","1291"
"A441","1292"
"A444","1293"
"B169","1294"
"B223","1295"
"B167","1296"
"B218","1297"
"B165","1298"
"B230","1299"
"B55","1300"
"B140","1301"
"B139","1302"
"B231","1303"
"B236","1304"
"B234","1305"
"B233","1306"
"B245","1307"
"B211","1308"
"B122","1309"
"B120","1310"
"B114","1311"
"B70","1312"
"B66","1313"
"A313","1314"
"B237","1315"
"B238","1316"
"B229","1317"
"B166","1318"
"B159","1319"
"B158","1320"
"B157","1321"
"B115","1322"
"B118","1323"
"B111","1324"
"B168","1325"
"B220","1326"
"B121","1327"
"B170","1328"
"B221","1329"
"B222","1330"
"B226","1331"
"B353","1332"
"B162","1333"
"B56","1334"
"B58","1335"
"B156","1336"
"B61","1337"
"B60","1338"
"B52","1339"
"B51","1340"
"B50","1341"
"C77","566"
"B413","3277"
"B556","3278"
"B555","3279"
"B554","3280"
"A702","3281"
"A705","3282"
"A703","3283"
"A704","3284"
"A701","3285"
"A706","3286"
"B560","3287"
"B558","3288"
"B553","3289"
"B494","3290"
"B495","3291"
"B496","3292"
"B497","3293"
"B498","3294"
"B500","3295"
"B501","3297"
"B504","3299"
"B505","3300"
"B506","3301"
"B507","3302"
"B508","3303"
"B529","3303"
"B630","3304"
"B629","3305"
"B626","3306"
"B512","3307"
"B513","3308"
"B514","3309"
"B620","3310"
"B618","3311"
"B617","3312"
"B537","3312"
"B624","3313"
"B616","3313"
"B625","3314"
"B622","3315"
"B516","3316"
"B621","3317"
"B610","3318"
"B518","3319"
"B517","3320"
"B613","3321"
"B612","3322"
"B522","3323"
"B615","3324"
"B521","3325"
"B520","3326"
"B523","3328"
"B524","3329"
"B614","3330"
"B603","3331"
"A771","3332"
"A822","3332"
"A713","3333"
"A714","3334"
"A772","3335"
"A709","3336"
"A777","3337"
"A776","3338"
"A775","3339"
"A774","3340"
"A773","3341"
"A710","3342"
"A712","3343"
"A711","3344"
"A780","3345"
"A779","3346"
"A778","3347"
"A715","3348"
"A717","3349"
"A716","3350"
"A784","3351"
"A783","3352"
"A719","3353"
"A782","3354"
"A790","3355"
"A786","3356"
"A785","3357"
"A781","3358"
"A789","3359"
"A721","3360"
"A793","3360"
"A788","3361"
"A720","3362"
"A724","3363"
"A794","3364"
"A791","3365"
"A722","3367"
"B552","3368"
"B623","3369"
"B559","3370"
"B543","3371"
"B546","3372"
"B493","3373"
"B557","3374"
"B491","3375"
"B549","3376"
"B544","3377"
"B545","3378"
"B547","3379"
"B550","3380"
"B548","3381"
"A787","3382"
"A718","3383"
"A707","3384"
"A708","3385"
"B502","3386"
"B611","3387"
"B619","3388"
"B510","3389"
"B511","3390"
"B509","3391"
"B492","3392"
"B551","3393"
"A728","3394"
"A727","3395"
"A726","3396"
"A725","3397"
"A730","3398"
"A729","3399"
"A734","3400"
"A733","3401"
"A732","3402"
"A731","3403"
"A738","3404"
"A737","3405"
"A736","3406"
"A735","3407"
"B535","3408"
"B534","3409"
"B525","3410"
"B536","3411"
"B538","3413"
"B540","3414"
"B539","3416"
"B530","3417"
"B527","3419"
"B499","3420"
"B526","3420"
"B533","3421"
"A739","3422"
"A740","3423"
"B531","3424"
"A741","3425"
"A836","3425"
"A837","3425"
"A742","3426"
"A743","3427"
"A744","3428"
"A745","3429"
"B604","3430"
"B601","3431"
"B600","3432"
"B599","3433"
"B598","3434"
"B597","3435"
"B589","3436"
"B602","3437"
"B592","3438"
"B591","3439"
"B590","3440"
"B593","3441"
"B594","3442"
"B605","3443"
"B606","3444"
"B607","3445"
"B608","3446"
"B609","3447"
"B596","3448"
"A751","3449"
"A750","3450"
"A749","3451"
"A748","3452"
"A747","3453"
"B587","3454"
"B588","3455"
"B586","3456"
"B541","3457"
"B584","3457"
"B595","3458"
"A754","3459"
"B582","3460"
"B583","3461"
"A755","3462"
"A753","3463"
"A752","3464"
"A757","3465"
"A756","3466"
"A796","3467"
"A763","3468"
"A795","3469"
"A762","3470"
"A761","3471"
"A760","3472"
"A759","3473"
"A758","3474"
"B579","3475"
"B578","3476"
"B568","3477"
"B569","3478"
"B503","3479"
"B570","3479"
"B567","3480"
"B577","3481"
"B576","3482"
"B575","3483"
"B571","3484"
"B572","3485"
"B573","3486"
"B574","3487"
"B581","3488"
"B580","3489"
"A768","3490"
"A800","3491"
"A767","3492"
"A765","3494"
"A799","3495"
"A798","3496"
"A797","3497"
"A770","3498"
"E40","3499"
"E26","3500"
"E47","3501"
"E57","3502"
"E46","3503"
"E65","3504"
"A801","3505"
"A802","3506"
"A809","3507"
"A814","3508"
"A817","3508"
"A813","3509"
"A812","3510"
"A816","3512"
"A810","3513"
"A815","3514"
"A838","3517"
"A839","3518"
"A841","3519"
"A835","3520"
"A831","3521"
"A828","3522"
"A826","3524"
"A819","3525"
"A829","3526"
"A827","3527"
"A825","3528"
"A843","3529"
"A844","3530"
"A845","3531"
"A823","3532"
"A821","3533"
"A820","3534"
"A850","3535"
"E60","3536"
"A847","3537"
"A852","3538"
"A916","3539"
"A859","3540"
"A860","3541"
"A857","3542"
"A861","3543"
"A862","3544"
"A864","3545"
"A865","3546"
"A863","3547"
"A914","3548"
"A911","3549"
"A764","3550"
"A769","3551"
"A818","3552"
"A811","3553"
"A834","3554"
"A832","3555"
"A840","3556"
"A1191","3556"
"A830","3557"
"A842","3559"
"A824","3560"
"E66","3561"
"A846","3562"
"A851","3563"
"A853","3564"
"A856","3565"
"A858","3566"
"A866","3567"
"E51","3568"
"E48","3569"
"A913","3570"
"A912","3571"
"A855","3572"
"E61","3573"
"E59","3574"
"E43","3575"
"E39","3576"
"E68","3577"
"E85","3578"
"B102","4960"
"B632","5206"
"B639","5274"
"B779","5274"
"B631","5207"
"B640","5208"
"B641","5209"
"B656","5210"
"B635","5295"
"B724","5295"
"B634","5211"
"B654","5211"
"A887","5211"
"B636","5212"
"B655","5212"
"B633","5213"
"B642","5214"
"B645","5215"
"B650","5216"
"B646","5217"
"B647","5218"
"B648","5219"
"B651","5220"
"B649","5221"
"B644","5222"
"B652","5223"
"B653","5224"
"B637","5225"
"B638","5226"
"B643","5297"
"B723","5297"
"B657","5227"
"B658","5228"
"B563","5229"
"B778","5230"
"B776","5231"
"B775","5232"
"B774","5233"
"B796","5233"
"B773","5234"
"B772","5235"
"B771","5236"
"B705","5237"
"B704","5238"
"B706","5239"
"B561","5240"
"B562","5241"
"B564","5242"
"B2164","5242"
"B565","5243"
"B566","5244"
"B701","5245"
"B702","5246"
"B703","5247"
"B683","5247"
"B532","5248"
"B770","5249"
"A895","5250"
"B686","5251"
"B685","5252"
"B692","5253"
"B687","5254"
"B688","5459"
"B819","5459"
"B689","5255"
"B690","5256"
"B691","5319"
"B711","5319"
"B693","5257"
"B694","5258"
"B695","5259"
"B696","5260"
"B698","5261"
"B697","5262"
"B699","5263"
"B670","5264"
"B671","5265"
"B672","5266"
"B673","5267"
"B675","5268"
"B676","5269"
"B677","5269"
"B678","5270"
"B717","5271"
"B669","5272"
"B660","5273"
"B719","5275"
"B780","5276"
"B662","5277"
"B659","5278"
"B718","5279"
"B781","5280"
"B661","5281"
"B663","5282"
"B720","5283"
"B668","5420"
"B752","5420"
"B722","5284"
"B679","5285"
"B680","5415"
"B740","5415"
"B721","5286"
"B681","5287"
"B682","5288"
"B674","5289"
"B664","5290"
"A884","5290"
"B667","5291"
"B725","5292"
"B794","5293"
"B666","5294"
"B727","5296"
"B728","5298"
"B684","5403"
"B743","5403"
"B787","5299"
"B700","5300"
"B726","5301"
"B795","5302"
"B797","5303"
"B730","5304"
"B798","5305"
"B785","5317"
"B713","5317"
"B786","5306"
"B784","5307"
"B788","5308"
"B790","5309"
"B789","5310"
"B782","5311"
"B783","5312"
"B791","5313"
"B716","5314"
"B715","5315"
"B714","5316"
"B712","5318"
"B709","5320"
"B710","5321"
"B708","5322"
"B777","5323"
"B707","5324"
"B729","5325"
"A894","5326"
"A886","5327"
"A885","5328"
"A944","5329"
"A945","5329"
"A917","5330"
"A879","5331"
"A918","5332"
"A900","5333"
"A905","5334"
"A935","5335"
"A934","5336"
"A947","5337"
"A948","5338"
"A949","5339"
"A951","5340"
"A952","5341"
"A941","5342"
"A939","5343"
"A938","5344"
"A936","5345"
"A933","5346"
"A930","5347"
"A946","5348"
"A958","5349"
"A959","5350"
"A878","5351"
"A890","5352"
"A889","5353"
"A876","5354"
"A875","5355"
"A892","5356"
"A880","5357"
"A932","5358"
"A877","5359"
"A881","5360"
"A929","5361"
"A891","5362"
"A893","5363"
"A888","5364"
"A927","5365"
"A931","5366"
"A926","5367"
"A953","5368"
"A937","5369"
"A957","5370"
"A904","5371"
"A897","5372"
"A898","5373"
"A908","5374"
"A901","5375"
"A902","5376"
"A909","5377"
"A903","5378"
"A910","5379"
"A963","5380"
"A967","5381"
"A928","5382"
"A966","5383"
"A961","5384"
"A965","5385"
"A964","5386"
"A960","5387"
"A955","5388"
"A954","5389"
"A956","5390"
"A962","5391"
"A942","5392"
"A943","5393"
"A883","5394"
"A882","5395"
"A968","5396"
"A969","5397"
"A986","5398"
"A985","5399"
"A982","5400"
"A984","5401"
"B731","5402"
"B745","5404"
"B746","5405"
"B755","5406"
"B756","5407"
"B738","5408"
"B744","5409"
"B747","5410"
"B749","5411"
"B736","5412"
"B737","5413"
"B739","5414"
"B748","5416"
"A1009","5417"
"A1010","5418"
"B735","5419"
"B734","5421"
"B733","5422"
"B732","5423"
"B812","5423"
"B763","5424"
"B754","5425"
"B753","5426"
"A983","5427"
"A919","5428"
"A922","5429"
"A923","5430"
"A924","5431"
"A921","5432"
"A976","5433"
"A977","5434"
"A979","5435"
"A978","5436"
"A991","5437"
"A990","5438"
"A992","5439"
"A973","5440"
"A980","5441"
"A989","5442"
"B805","5443"
"B809","5444"
"B806","5445"
"B808","5446"
"B801","5447"
"B810","5448"
"B807","5449"
"B804","5450"
"B803","5451"
"B799","5452"
"B802","5453"
"A971","5454"
"A972","5455"
"A975","5456"
"A974","5457"
"A987","5458"
"B811","5460"
"B800","5461"
"A970","5462"
"A993","5463"
"A994","5464"
"B792","5465"
"A988","5466"
"B750","5467"
"B751","5468"
"A996","5469"
"B759","5470"
"B758","5471"
"B757","5472"
"B815","5473"
"B814","5474"
"B813","5475"
"B766","5476"
"B765","5477"
"B764","5478"
"B762","5479"
"B761","5480"
"B760","5481"
"B769","5482"
"B827","5483"
"B828","5484"
"B830","5485"
"B826","5486"
"B823","5487"
"B825","5488"
"B824","5489"
"B818","5490"
"B831","5491"
"B832","5492"
"B822","5493"
"B821","5494"
"B817","5495"
"B829","5496"
"B816","5497"
"A995","5498"
"B833","5499"
"A1001","5500"
"B820","5501"
"A1005","5502"
"A1004","5502"
"B837","5503"
"B834","5504"
"A1002","5505"
"A1006","5506"
"A1003","5507"
"B836","5508"
"B835","5509"
"A1000","5510"
"A999","5511"
"A998","5512"
"B768","5513"
"B767","5514"
"A997","5515"
"B838","5516"
"B841","5517"
"B840","5518"
"B839","5519"
"B858","5520"
"B843","5521"
"B855","5522"
"B854","5523"
"B853","5524"
"B852","5525"
"B851","5526"
"B850","5527"
"B842","5528"
"B849","5529"
"B847","5530"
"B857","5531"
"B856","5532"
"B848","5533"
"B846","5534"
"B845","5535"
"B844","5536"
"B867","5537"
"B860","5538"
"B862","5539"
"B861","5540"
"B863","5541"
"B865","5542"
"B864","5543"
"B868","5544"
"B866","5545"
"B859","5546"
"A1008","5547"
"B869","5548"
"D1","5076"
"D2","5077"
"E88","5549"
"D12","5078"
"D11","5079"
"D10","5080"
"D9","5081"
"D8","5082"
"D7","5083"
"D6","5084"
"D5","5085"
"D4","5086"
"D3","5087"
"D23","5088"
"D22","5089"
"D21","5090"
"D20","5091"
"D19","5092"
"D18","5093"
"D17","5094"
"D16","5095"
"D15","5096"
"D14","5097"
"D13","5098"
"D29","5099"
"D28","5100"
"D27","5101"
"D26","5102"
"D25","5103"
"D24","5104"
"D44","5105"
"D43","5106"
"D42","5107"
"D41","5108"
"D40","5109"
"D39","5110"
"D38","5111"
"D37","5112"
"D36","5113"
"D35","5114"
"D34","5115"
"D33","5116"
"D32","5117"
"D31","5118"
"D30","5119"
"D63","5120"
"D62","5121"
"D61","5122"
"D60","5123"
"D59","5124"
"D58","5125"
"D57","5126"
"D56","5127"
"D55","5128"
"D54","5129"
"D53","5130"
"D52","5131"
"D51","5132"
"D50","5133"
"D49","5134"
"D48","5135"
"D47","5136"
"D46","5137"
"D45","5138"
"D65","5139"
"D68","5140"
"D67","5141"
"D66","5142"
"D70","5143"
"D69","5144"
"D84","5145"
"D83","5146"
"D82","5147"
"D81","5148"
"D80","5149"
"D79","5150"
"D78","5151"
"D77","5152"
"D76","5153"
"D75","5154"
"D74","5155"
"D73","5156"
"D72","5157"
"D71","5158"
"D64","5159"
"D92","5160"
"D91","5161"
"D90","5162"
"D89","5163"
"D88","5164"
"D87","5165"
"D86","5166"
"D85","5167"
"D103","5168"
"D102","5169"
"D101","5170"
"D100","5171"
"D99","5172"
"D98","5173"
"D97","5174"
"D96","5175"
"D95","5176"
"D94","5177"
"D93","5178"
"D113","5179"
"D112","5180"
"D121","5181"
"D120","5182"
"D119","5183"
"D118","5184"
"D117","5185"
"D116","5186"
"D115","5187"
"D114","5188"
"D111","5189"
"D110","5190"
"D109","5191"
"D108","5192"
"D107","5193"
"D130","5194"
"D129","5195"
"D128","5196"
"D127","5197"
"D126","5198"
"D125","5199"
"D124","5200"
"D123","5201"
"D122","5202"
"D106","5203"
"D105","5204"
"D104","5205"
"B876","6060"
"B875","6061"
"B874","6062"
"B873","6063"
"B872","6064"
"B871","6065"
"B870","6066"
"B877","6067"
"B878","6068"
"B879","6069"
"B880","6070"
"B881","6071"
"B882","6072"
"B883","6073"
"B884","6074"
"B885","6075"
"B886","6076"
"B887","6077"
"B888","6078"
"B889","6079"
"B890","6080"
"B891","6080"
"B892","6081"
"B893","6081"
"B894","6081"
"B895","6082"
"B896","6083"
"B897","6084"
"B898","6085"
"B899","6086"
"B900","6087"
"B901","6088"
"B902","6089"
"B903","6090"
"B904","6091"
"B924","6091"
"B905","6092"
"B936","6092"
"B906","6093"
"B907","6094"
"B908","6095"
"B909","6096"
"B910","6097"
"B911","6098"
"B912","6099"
"B913","6100"
"B914","6100"
"B915","6101"
"B916","6102"
"B917","6103"
"B918","6104"
"B919","6105"
"B920","6106"
"B921","6107"
"B922","6108"
"B923","6109"
"B925","6110"
"B926","6111"
"B927","6112"
"B928","6113"
"B929","6114"
"B930","6115"
"B931","6116"
"B932","6117"
"B933","6118"
"B934","6119"
"B935","6120"
"B937","6121"
"B938","6122"
"B939","6123"
"B940","6124"
"B941","6125"
"B942","6126"
"B943","6127"
"B944","6128"
"B945","6129"
"B946","6130"
"A1040","6131"
"A1038","6132"
"A1037","6133"
"A1026","6134"
"A1039","6135"
"A1035","6136"
"A1025","6137"
"A1031","6138"
"A1047","6139"
"A1034","6140"
"A1033","6141"
"A1032","6142"
"A1044","6143"
"A1027","6144"
"A1021","6145"
"A1020","6146"
"A1028","6147"
"A1019","6148"
"A1045","6149"
"A1030","6150"
"A1029","6151"
"A1024","6152"
"A1023","6153"
"A1022","6154"
"A1018","6155"
"A1046","6156"
"A1016","6157"
"A1015","6158"
"A1048","6159"
"A1050","6160"
"A1049","6161"
"A1017","6162"
"A1041","6163"
"E81","6164"
"A1043","6165"
"D131","7290"
"D135","7291"
"D132","7292"
"D133","7293"
"D134","7294"
"D138","7295"
"D137","7296"
"D136","7297"
"D203","7298"
"D202","7299"
"D201","7300"
"D139","7301"
"D140","7302"
"D141","7303"
"D142","7304"
"D143","7305"
"D144","7306"
"D146","7307"
"D145","7308"
"D147","7309"
"D148","7310"
"D149","7311"
"D150","7312"
"D151","7313"
"D152","7314"
"D163","7315"
"D162","7316"
"D161","7317"
"D160","7318"
"D159","7319"
"D153","7320"
"D177","7321"
"D176","7322"
"D175","7323"
"D174","7324"
"D173","7325"
"D172","7326"
"D181","7327"
"D180","7328"
"D183","7329"
"D179","7330"
"D178","7331"
"D182","7332"
"D171","7333"
"D170","7334"
"D169","7335"
"D168","7336"
"D167","7337"
"D166","7338"
"D165","7339"
"D190","7340"
"D185","7341"
"D189","7342"
"D188","7343"
"D187","7344"
"D186","7345"
"D184","7346"
"D164","7347"
"D158","7348"
"D155","7349"
"D154","7350"
"D156","7351"
"D157","7352"
"D200","7353"
"D198","7355"
"D197","7356"
"D196","7357"
"D195","7358"
"D194","7359"
"D193","7360"
"D192","7361"
"D191","7362"
"D276","7363"
"D275","7364"
"D274","7365"
"D273","7366"
"D272","7367"
"D271","7368"
"D280","7369"
"D279","7370"
"D278","7371"
"D277","7372"
"D232","7373"
"D231","7374"
"D230","7375"
"D229","7376"
"D228","7377"
"D227","7378"
"D226","7379"
"D225","7380"
"D224","7381"
"D223","7382"
"D222","7383"
"D221","7384"
"D220","7385"
"D219","7386"
"D218","7387"
"D217","7388"
"D216","7389"
"D215","7390"
"D214","7391"
"D213","7392"
"D212","7393"
"D211","7394"
"D210","7395"
"D209","7396"
"D208","7397"
"D207","7398"
"D206","7399"
"D205","7400"
"D204","7401"
"D246","7402"
"D248","7403"
"D296","7404"
"D249","7405"
"D245","7406"
"D244","7407"
"D243","7408"
"D242","7409"
"D241","7410"
"D240","7411"
"D239","7412"
"D238","7413"
"D237","7414"
"D236","7415"
"D235","7416"
"D234","7417"
"D233","7418"
"D299","7419"
"D297","7420"
"D298","7421"
"D294","7422"
"D295","7423"
"D293","7424"
"D292","7425"
"D288","7426"
"D287","7427"
"D289","7428"
"D290","7429"
"D291","7430"
"D284","7431"
"D283","7432"
"D282","7433"
"D281","7434"
"A1097","7270"
"A1094","7271"
"A1093","7272"
"A1083","7273"
"A1092","7274"
"A1082","7275"
"E5","7276"
"A1192","7277"
"A1115","7278"
"A1114","7279"
"A1113","7280"
"A1112","7281"
"A1111","7282"
"E18","7283"
"A1110","7284"
"E11","7285"
"A1091","7286"
"A1090","7287"
"A1081","7288"
"A1080","7289"
"D250","7435"
"D251","7436"
"D247","7437"
"D252","7438"
"D253","7439"
"D254","7440"
"D255","7441"
"D256","7442"
"A1089","6304"
"A1204","6305"
"A1079","6306"
"A1078","6307"
"A1088","6308"
"A1087","6309"
"A1077","6310"
"A1076","6311"
"A1075","6312"
"A1205","6313"
"A1206","6314"
"A1085","6315"
"A1086","6316"
"A1073","6317"
"A1061","6318"
"E8","6319"
"E9","6320"
"E10","6321"
"E6","6322"
"A1060","6323"
"A1062","6324"
"A1063","6325"
"A1064","6326"
"A1198","6327"
"A1199","6328"
"A1195","6329"
"A1194","6330"
"A1193","6331"
"A1259","6332"
"E50","6333"
"A1068","6334"
"A1069","6335"
"A1101","6336"
"A1100","6337"
"A1099","6338"
"E30","6339"
"A1096","6340"
"A1095","6341"
"E31","6342"
"E32","6343"
"A1203","6344"
"A1202","6345"
"A1120","6346"
"A1201","6347"
"A1200","6348"
"A1197","6349"
"E16","6350"
"A1207","6351"
"E33","6352"
"E42","6353"
"E55","6354"
"A1072","6355"
"E73","6356"
"E74","6356"
"E91","6357"
"E24","6358"
"E29","6359"
"A1052","6360"
"A1053","6361"
"A1054","6362"
"A1072","6363"
"A1211","6364"
"B949","6365"
"B950","6366"
"A1210","6367"
"B951","6368"
"B952","6369"
"A1209","6370"
"A1212","6371"
"A1215","6372"
"A1213","6373"
"A1214","6374"
"D309","7443"
"D308","7444"
"D306","7445"
"D307","7446"
"D305","7447"
"D304","7448"
"D360","7448"
"D303","7449"
"D302","7450"
"D301","7451"
"D270","7452"
"D269","7453"
"D268","7454"
"D267","7455"
"D266","7456"
"D265","7457"
"D264","7458"
"D263","7459"
"D262","7460"
"D261","7461"
"D260","7462"
"D259","7463"
"D258","7464"
"D257","7465"
"A1121","6375"
"A1122","6376"
"A1123","6377"
"A1124","6378"
"A1125","6379"
"A1126","6380"
"A1127","6381"
"A1128","6382"
"A1129","6383"
"A1130","6384"
"A1131","6385"
"A1132","6386"
"A1139","6387"
"A1140","6388"
"A1142","6389"
"A1141","6390"
"A1143","6391"
"A1144","6392"
"A1145","6393"
"A1146","6394"
"A1147","6395"
"A1148","6396"
"A1149","6397"
"A1133","6398"
"A1134","6399"
"A1135","6400"
"A1136","6401"
"A1137","6402"
"A1138","6403"
"A1150","6404"
"A1151","6405"
"A1152","6406"
"A1153","6407"
"A1154","6408"
"C113","6409"
"C104","6410"
"C117","6411"
"C105","6412"
"C102","6413"
"C101","6414"
"C121","6415"
"A1168","6416"
"A1169","6417"
"A1170","6418"
"A1171","6419"
"A1216","6420"
"A1217","6421"
"A1218","6422"
"A1162","6423"
"A1163","6424"
"A1164","6425"
"A1165","6426"
"A1166","6427"
"A1167","6428"
"A1157","6429"
"A1158","6430"
"A1159","6431"
"A1160","6432"
"A1161","6433"
"B954","6434"
"B965","6435"
"B960","6436"
"B953","6437"
"B966","6438"
"B967","6439"
"B968","6440"
"B970","6441"
"B971","6442"
"B972","6443"
"B973","6444"
"B974","6445"
"B975","6446"
"B969","6447"
"B976","6448"
"B955","6449"
"B956","6450"
"B958","6451"
"B959","6452"
"B961","6453"
"B962","6454"
"B963","6455"
"B964","6456"
"B957","6457"
"B977","6458"
"B991","6459"
"B992","6460"
"B978","6461"
"B993","6462"
"B979","6463"
"B980","6464"
"B994","6465"
"B995","6466"
"B996","6467"
"B981","6468"
"B997","6469"
"B982","6470"
"B998","6471"
"B983","6472"
"B999","6473"
"B984","6474"
"B1000","6475"
"B985","6476"
"B1001","6477"
"B1002","6478"
"B986","6479"
"B1003","6480"
"B1004","6555"
"B1121","6555"
"B1769","6555"
"B1918","6555"
"B987","6481"
"B1049","6482"
"B988","6483"
"B1050","6484"
"B989","6485"
"B990","6486"
"C151","6487"
"C150","6488"
"C149","6489"
"C148","6490"
"C147","6491"
"C146","6492"
"C145","6493"
"C144","6494"
"C143","6495"
"C142","6496"
"C141","6497"
"C122","6498"
"C140","6499"
"C123","6500"
"C120","6501"
"C124","6502"
"C119","6503"
"C118","6504"
"C116","6505"
"C115","6506"
"C108","6507"
"C109","6508"
"C114","6509"
"C110","6510"
"C112","6511"
"C103","6512"
"C106","6513"
"C139","6514"
"C107","6515"
"C100","6516"
"C99","6517"
"C98","6518"
"C97","6519"
"C135","6520"
"C136","6521"
"C134","6522"
"C131","6523"
"C133","6524"
"C132","6525"
"C130","6526"
"C129","6527"
"C128","6528"
"C126","6529"
"C125","6530"
"C137","6531"
"C111","6532"
"C138","6533"
"C152","6534"
"C127","6535"
"B1126","6536"
"B1136","6537"
"B1134","6538"
"B1125","6539"
"B1132","6540"
"B1131","6541"
"A1514","6542"
"B1143","6543"
"B1141","6544"
"B1137","6545"
"B1122","6546"
"B1135","6547"
"B1127","6548"
"B1123","6549"
"B1124","6550"
"B1139","6551"
"B1133","6552"
"B1142","6553"
"B1129","6554"
"B1128","6556"
"B1140","6557"
"B1138","6558"
"D310","7466"
"D311","7467"
"D312","7468"
"D313","7469"
"D314","7470"
"C153","6559"
"C154","6560"
"C155","6561"
"C156","6562"
"C157","6563"
"C159","6564"
"C158","6565"
"C160","6566"
"C161","6567"
"A1174","6568"
"A1178","6569"
"A1179","6570"
"A1186","6571"
"A1181","6572"
"A1180","6573"
"A1175","6574"
"A1182","6575"
"A1177","6576"
"A1172","6577"
"A1173","6578"
"A1219","6579"
"A1189","6580"
"A1190","6581"
"A1221","6582"
"A1183","6583"
"A1188","6584"
"A1187","6585"
"A1220","6586"
"A1176","6587"
"A1184","6588"
"A1185","6589"
"B1005","6590"
"B1006","6591"
"B1007","6592"
"B1008","6593"
"B1009","6594"
"B1010","6595"
"B1011","6596"
"B1012","6597"
"B1013","6598"
"B1014","6599"
"B1015","6600"
"B1016","6601"
"B1017","6602"
"B1018","6603"
"B1019","6604"
"B1020","6605"
"B1021","6606"
"B1022","6607"
"B1023","6608"
"B1024","6609"
"B1025","6610"
"B1026","6611"
"A1084","6612"
"A1228","6613"
"A1227","6614"
"A1226","6615"
"A1225","6616"
"A1223","6617"
"A1222","6618"
"B1028","6619"
"B1029","6620"
"B1030","6621"
"B1031","6622"
"B1032","6623"
"B1033","6624"
"B1034","6625"
"B1035","6626"
"B1036","6627"
"B1037","6628"
"B1038","6629"
"B1039","6630"
"B1040","6631"
"B1041","6632"
"B1042","6633"
"B1043","6634"
"B1044","6635"
"B1045","6636"
"B1046","6637"
"B1047","6638"
"B1048","6639"
"B1049","6640"
"B1144","6641"
"B1145","6642"
"B1146","6643"
"B1147","6644"
"B1050","6645"
"A1192","6646"
"A1191","6647"
"C162","6648"
"C163","6649"
"A1193","6650"
"A1195","6651"
"A1194","6652"
"A1196","6653"
"A1197","6654"
"A1248","6654"
"B1151","6655"
"B1150","6656"
"B1155","6657"
"B1153","6658"
"B1148","6659"
"B1149","6660"
"B1152","6661"
"A1201","6662"
"A1200","6663"
"A1198","6664"
"A1202","6665"
"A920","6666"
"B1165","6667"
"B1164","6668"
"B1160","6669"
"B1163","6670"
"B1162","6671"
"B1161","6672"
"B1158","6673"
"B1170","6674"
"B1157","6675"
"B1169","6676"
"B1156","6677"
"B1154","6678"
"B1166","6679"
"B1167","6680"
"A1206","6681"
"A1207","6682"
"A1205","6683"
"A1204","6684"
"D315","7471"
"A1199","6685"
"A925","6686"
"A1203","6687"
"B1168","6688"
"A1209","6689"
"A1208","6690"
"A1210","6691"
"B1159","6692"
"B1171","6693"
"A1211","6694"
"A1212","6695"
"C164","6696"
"C165","6697"
"C166","6698"
"C167","6699"
"C168","6700"
"A1218","6701"
"A1217","6702"
"A1222","6703"
"A1221","6704"
"A1216","6705"
"A1225","6706"
"A1215","6707"
"A1224","6708"
"A1220","6709"
"A1228","6710"
"A1214","6711"
"A1213","6723"
"A1237","6723"
"A1226","6712"
"A1223","6713"
"A1234","6714"
"A1231","6715"
"A1232","6716"
"A1227","6717"
"A1230","6718"
"A1229","6719"
"A1233","6720"
"A1219","6721"
"A1541","6722"
"A1236","6724"
"A1238","6725"
"A1239","6726"
"A1241","6727"
"A1240","6728"
"A1242","6729"
"A1244","6730"
"A1247","6731"
"A1249","6732"
"A1250","6733"
"A1248","6734"
"A1246","6735"
"A1245","6736"
"A1243","6737"
"A1253","6738"
"A1254","6739"
"A1256","6740"
"A1257","6741"
"A1258","6742"
"A1251","6743"
"A1255","6744"
"A1252","6745"
"A1260","6746"
"A1516","6747"
"A1259","6748"
"A1540","6749"
"A1538","6750"
"A1235","6751"
"A1539","6752"
"A1527","6753"
"A1515","6754"
"A1518","6755"
"B1191","6756"
"B1193","6757"
"B1192","6758"
"B1196","6759"
"B1197","6760"
"B1179","6761"
"B1178","6762"
"B1195","6763"
"B1194","6764"
"B1175","6765"
"B1176","6766"
"B1177","6767"
"B1198","6768"
"B1199","6769"
"B1190","6770"
"B1172","6771"
"B1173","6772"
"B1181","6773"
"B1180","6774"
"B1201","6775"
"B1200","6776"
"B1174","6777"
"B1187","6778"
"B1189","6779"
"B1202","6780"
"B1185","6781"
"B1186","6782"
"B1184","6783"
"B1183","6784"
"B1188","6785"
"B1204","6786"
"B1182","6787"
"B1203","6788"
"B1205","6789"
"B1209","6790"
"B1211","6791"
"B1210","6792"
"B1212","6793"
"B1208","6794"
"B1207","6795"
"B1206","6796"
"A1242","6797"
"E76","6798"
"E77","6799"
"E75","6800"
"E28","6801"
"A1243","6802"
"D316","7472"
"D318","7473"
"D317","7474"
"D319","7475"
"D320","7476"
"D321","7477"
"B1217","6803"
"B1215","6804"
"B1214","6805"
"B1213","6806"
"B1216","6807"
"C169","6808"
"B1221","6809"
"B1224","6810"
"B1223","6811"
"B1222","6812"
"B1220","6813"
"B1218","6814"
"B1219","6815"
"B1225","6816"
"A1245","6817"
"A1246","6818"
"A1247","6819"
"A1252","6820"
"A1253","6821"
"A1254","6822"
"A1255","6823"
"A1256","6824"
"A1249","6825"
"A1250","6826"
"A1251","6827"
"A1262","6828"
"A1263","6829"
"A1261","6830"
"A1266","6831"
"A1265","6832"
"A1264","6833"
"A1267","6834"
"A1268","6835"
"A1269","6836"
"A1270","6837"
"A1271","6838"
"A1272","6839"
"A1273","6840"
"A1274","6841"
"A1275","6842"
"A1276","6843"
"D322","7478"
"B1226","6844"
"B1227","6845"
"B1228","6846"
"B1229","6847"
"B1230","6848"
"B1231","6849"
"B1232","6850"
"B1233","6851"
"B1234","6852"
"B1235","6853"
"B1236","6854"
"B1237","6855"
"B1238","6856"
"B1239","6857"
"B1240","6858"
"B1241","6859"
"B1242","6860"
"B1243","6861"
"B1244","6862"
"B1245","6863"
"B1246","6864"
"B1247","6865"
"B1248","6866"
"B1249","6867"
"B1250","6868"
"B1251","6869"
"B1252","6870"
"B1253","6871"
"B1254","6872"
"B1255","6873"
"B1256","6874"
"B1257","6875"
"B1258","6876"
"B1259","6877"
"B1260","6878"
"B1261","6879"
"B1262","6880"
"B1263","6881"
"B1264","6882"
"B1265","6883"
"B1266","6884"
"B1267","6885"
"B1268","6886"
"B1269","6887"
"B1270","6888"
"B1271","6889"
"B1272","6890"
"B1273","6891"
"B1274","6892"
"B1275","6893"
"B1276","6894"
"B1277","6895"
"B1278","6896"
"B1279","6897"
"B1280","6898"
"B1281","6899"
"B1282","6900"
"B1283","6901"
"B1284","6902"
"B1285","6903"
"B1286","6904"
"B1287","6905"
"B1288","6906"
"B1289","6907"
"B1290","6908"
"B1291","6909"
"B1292","6910"
"B1293","6911"
"B1294","6912"
"B1295","6913"
"B1296","6914"
"B1297","6915"
"B1298","6916"
"B1299","6917"
"B1300","6918"
"B1301","6919"
"B1302","6920"
"B1303","6921"
"B1304","6922"
"B1305","6923"
"B1306","6924"
"B1307","6925"
"B1308","6926"
"B1309","6927"
"B1310","6928"
"B1311","6929"
"B1312","6930"
"B1313","6931"
"B1314","6932"
"B1315","6933"
"B1316","6934"
"B1317","6935"
"B1318","6936"
"B1319","6937"
"B1320","6938"
"B1321","6939"
"B1322","6940"
"B1323","6941"
"B1324","6942"
"B1325","6943"
"B1326","6944"
"B1327","6945"
"B1328","6946"
"B1329","6947"
"B1330","6948"
"B1331","6949"
"B1332","6950"
"B1333","6951"
"B1334","6952"
"B1335","6953"
"B1336","6954"
"B1337","6955"
"B1338","6956"
"B1339","6957"
"B1340","6958"
"B1341","6959"
"B1342","6960"
"A1317","6961"
"A1512","6962"
"A1318","6963"
"A1319","6964"
"E95","6965"
"A1323","6966"
"A1322","6967"
"A1321","6968"
"A1324","6969"
"A1314","6970"
"A1325","6971"
"A1277","6972"
"A1278","6973"
"A1279","6974"
"A1280","6975"
"A1281","6976"
"A1282","6977"
"A1283","6978"
"A1284","6979"
"A1285","6980"
"A1286","6981"
"A1287","6982"
"A1288","6983"
"A1289","6984"
"A1290","6985"
"A1291","6986"
"A1292","6987"
"A1293","6988"
"A1294","6989"
"A1295","6990"
"A1296","6991"
"A1297","6992"
"A1298","6993"
"A1299","6994"
"A1300","6995"
"A1301","6996"
"A1302","6997"
"A1303","6998"
"A1304","6999"
"A1308","7000"
"A1309","7001"
"A1313","7002"
"A1315","7003"
"A1369","7004"
"A1370","7005"
"A1371","7006"
"A1305","7007"
"A1306","7008"
"A1307","7009"
"A1310","7010"
"A1311","7011"
"A1312","7012"
"A1326","7013"
"A1327","7014"
"A1328","7015"
"A1329","7016"
"A1330","7017"
"A1331","7018"
"A1332","7019"
"A1333","7020"
"A1334","7021"
"A1335","7022"
"A1380","7023"
"A1379","7024"
"A1386","7025"
"A1382","7026"
"A1383","7027"
"A1384","7028"
"A1378","7029"
"A1316","7030"
"A1328","7031"
"A1372","7032"
"A1387","7033"
"A1388","7034"
"A1385","7035"
"A1381","7036"
"A1389","7037"
"A1329","7038"
"A1377","7039"
"A1392","7040"
"A1373","7041"
"A1374","7042"
"A1375","7043"
"A1376","7044"
"A1343","7045"
"A1344","7046"
"A1336","7047"
"A1337","7048"
"A1338","7049"
"A1339","7050"
"A1340","7051"
"A1341","7052"
"A1342","7053"
"A1345","7054"
"A1346","7055"
"A1347","7056"
"A1348","7057"
"A1349","7058"
"A1350","7059"
"A1351","7060"
"A1352","7061"
"A1353","7062"
"A1354","7063"
"A1355","7064"
"A1360","7065"
"A1359","7066"
"A1361","7067"
"A1362","7068"
"A1363","7069"
"A1364","7070"
"A1365","7071"
"A1366","7072"
"A1367","7073"
"A1368","7074"
"A1356","7075"
"A1357","7076"
"A1358","7077"
"C170","7078"
"C172","7079"
"C171","7080"
"A1527","9268"
"E100","9269"
"E98","9270"
"B1349","9271"
"B1350","9272"
"B1351","9273"
"B1353","9274"
"B1355","9275"
"B1356","9276"
"B1358","9277"
"B1359","9278"
"B1360","9279"
"B1361","9280"
"B1362","9281"
"B1364","9282"
"B1363","9283"
"B1367","9284"
"B1368","9285"
"B1369","9286"
"B1373","9287"
"B1374","9288"
"B1377","9289"
"B1375","9290"
"B1381","9291"
"B1383","9292"
"B1384","9293"
"B1392","9294"
"B1385","9295"
"B1393","9296"
"A1543","9297"
"A1544","9298"
"A1545","9299"
"A1546","9300"
"A1548","9301"
"A1550","9302"
"A1551","9303"
"A1552","9304"
"A1553","9305"
"A1555","9306"
"A1559","9307"
"A1560","9308"
"A1563","9309"
"A1564","9310"
"A1567","9311"
"A1570","9312"
"A1568","9313"
"A1571","9314"
"A1572","9315"
"A1573","9316"
"A1578","9317"
"A1583","9318"
"A1582","9319"
"A1580","9320"
"A1581","9321"
"B1404","9322"
"B1403","9323"
"B1406","9324"
"B1400","9325"
"B1402","9326"
"B1399","9327"
"B1398","9328"
"B1397","9329"
"B1396","9330"
"B1395","9331"
"A1654","9332"
"A1593","9333"
"A1592","9334"
"A1588","9335"
"A1589","9336"
"A1587","9337"
"A1586","9338"
"A1585","9339"
"B1418","9340"
"B1411","9341"
"B1412","9342"
"B1417","9343"
"B1416","9344"
"B1414","9345"
"B1413","9346"
"B1410","9347"
"B1415","9348"
"B1475","9349"
"A1602","9350"
"A1612","9351"
"A1613","9352"
"A1596","9353"
"A1606","9354"
"A1605","9355"
"A1603","9356"
"A1604","9357"
"A1611","9358"
"A1599","9359"
"A1598","9360"
"A1610","9361"
"A1608","9362"
"A1607","9363"
"A1616","9364"
"A1615","9365"
"A1617","9366"
"A1614","9367"
"B1552","9368"
"B1553","9369"
"B1554","9370"
"B1555","9371"
"B1557","9372"
"B1558","9373"
"B1541","9374"
"B1542","9375"
"B1560","9376"
"B1543","9377"
"B1544","9378"
"B1545","9379"
"B1546","9380"
"B1548","9381"
"B1563","9382"
"B1562","9383"
"B1561","9384"
"B1581","9385"
"B1580","9386"
"B1547","9387"
"B1549","9388"
"B1550","9389"
"B1551","9390"
"B1568","9391"
"B1564","9392"
"B1566","9393"
"B1577","9394"
"B1575","9395"
"B1571","9396"
"B1579","9397"
"B1578","9398"
"B1574","9399"
"B1573","9400"
"B1572","9401"
"B1570","9402"
"B1569","9403"
"A1639","9404"
"A1640","9405"
"A1641","9406"
"A1643","9407"
"A1635","9408"
"A1633","9409"
"A1638","9410"
"A1636","9411"
"A1637","9412"
"A1645","9413"
"A1646","9414"
"A1649","9415"
"A1651","9416"
"B1420","9417"
"B1421","9418"
"B1423","9419"
"B1424","9420"
"B1425","9421"
"B1426","9422"
"B1448","9423"
"B1449","9424"
"B1450","9425"
"B1427","9426"
"B1445","9427"
"B1447","9428"
"B1428","9429"
"B1429","9430"
"B1430","9431"
"B1431","9432"
"B1442","9433"
"B1443","9434"
"B1444","9435"
"B1446","9436"
"B1436","9437"
"B1439","9438"
"B1492","9439"
"B1493","9440"
"B1494","9441"
"B1495","9442"
"B1496","9443"
"B1440","9444"
"B1437","9445"
"B1438","9446"
"B1441","9447"
"B1490","9448"
"B1489","9449"
"B1458","9450"
"B1491","9451"
"B1459","9452"
"B1460","9453"
"B1461","9454"
"B1456","9455"
"B1457","9456"
"B1453","9457"
"B1452","9458"
"B1454","9459"
"B1462","9460"
"B1463","9461"
"B1455","9462"
"B1464","9463"
"B1465","9464"
"B1499","9465"
"B1500","9466"
"B1501","9467"
"B1503","9468"
"B1504","9469"
"B1505","9470"
"B1506","9471"
"B1507","9472"
"B1467","9473"
"B1468","9474"
"B1469","9475"
"B1470","9476"
"B1502","9477"
"B1477","9478"
"B1484","9479"
"B1479","9480"
"B1482","9481"
"B1483","9482"
"B1481","9483"
"B1471","9484"
"B1472","9485"
"B1473","9486"
"B1474","9487"
"B1485","9488"
"B1486","9489"
"B1487","9490"
"B1488","9491"
"A1620","9492"
"A1626","9493"
"A1627","9494"
"A1628","9495"
"A1662","9496"
"A1653","9497"
"A1623","9498"
"A1621","9499"
"A1655","9500"
"A1661","9501"
"A1659","9502"
"A1657","9503"
"A1656","9504"
"A1630","9505"
"A1631","9506"
"A1632","9507"
"A1669","9508"
"A1668","9509"
"A1667","9510"
"A1665","9511"
"A1666","9512"
"A1689","9513"
"A1674","9514"
"A1676","9515"
"A1678","9516"
"A1680","9517"
"A1687","9518"
"A1681","9519"
"A1684","9520"
"A1670","9521"
"A1677","9522"
"A1683","9523"
"A1671","9524"
"A1672","9525"
"B1508","9526"
"A1695","9527"
"A1693","9528"
"A1692","9529"
"A1703","9530"
"A1702","9531"
"A1700","9532"
"A1707","9533"
"A1713","9534"
"A1712","9535"
"A1710","9536"
"A1698","9537"
"A1716","9538"
"A1715","9539"
"A1720","9540"
"A1719","9541"
"A1722","9542"
"A1726","9543"
"A1729","9544"
"A1732","9545"
"B1509","9546"
"A1728","9547"
"A1736","9548"
"A1735","9549"
"A1733","9550"
"A1740","9551"
"A1741","9552"
"A1742","9553"
"A1738","9554"
"A1747","9555"
"A1746","9556"
"A1745","9557"
"A1751","9558"
"A1750","9559"
"A1749","9560"
"A1752","9561"
"A1754","9562"
"A1755","9563"
"A1756","9564"
"A1757","9565"
"A1758","9566"
"A1759","9567"
"A1763","9568"
"A1762","9569"
"A1761","9570"
"A1760","9571"
"B1514","9572"
"B1513","9573"
"B1512","9574"
"B1511","9575"
"B1516","9576"
"B1515","9577"
"B1517","9578"
"B1519","9579"
"A1765","9580"
"A1767","9581"
"A1766","9582"
"A1770","9583"
"A1773","9584"
"A1748","9585"
"A1774","9586"
"A1778","9587"
"A1777","9588"
"A1772","9589"
"A1775","9590"
"A1782","9591"
"A1788","9592"
"A1787","9593"
"A1786","9594"
"A1785","9595"
"A1783","9596"
"A1796","9597"
"A1795","9598"
"A1794","9599"
"A1793","9600"
"A1801","9601"
"A1893","9602"
"A1898","9603"
"A1900","9604"
"A1901","9605"
"A1902","9606"
"A1897","9607"
"A1904","9608"
"A1896","9609"
"A1892","9610"
"A1895","9611"
"A1894","9612"
"A1906","9613"
"A1905","9614"
"A1808","9615"
"A1809","9616"
"A1810","9617"
"A1811","9618"
"A1813","9619"
"A1814","9620"
"A1803","9621"
"A1804","9622"
"A1805","9623"
"A1806","9624"
"A1823","9625"
"A1824","9626"
"A1825","9627"
"A1826","9628"
"A1827","9629"
"A1837","9630"
"A1815","9631"
"A1816","9632"
"A1817","9633"
"A1818","9634"
"A1820","9635"
"A1821","9636"
"A1822","9637"
"A1838","9638"
"A1829","9639"
"A1840","9640"
"A1844","9641"
"A1843","9642"
"A1831","9643"
"A1842","9644"
"A1847","9645"
"A1846","9646"
"A1845","9647"
"A1849","9648"
"B1607","9649"
"B1608","9650"
"B1610","9651"
"B1591","9652"
"B1611","9653"
"B1527","9654"
"B1531","9655"
"B1528","9656"
"B1593","9657"
"B1536","9658"
"B1532","9659"
"B1594","9660"
"B1529","9661"
"B1530","9662"
"B1525","9663"
"B1539","9664"
"B1540","9665"
"B1587","9666"
"B1582","9667"
"B1603","9668"
"B1588","9669"
"B1590","9670"
"B1599","9671"
"B1598","9672"
"B1597","9673"
"B1596","9674"
"B1595","9675"
"B1534","9676"
"B1522","9677"
"B1583","9678"
"B1537","9679"
"B1524","9680"
"B1523","9681"
"B1619","9682"
"B1620","9683"
"B1612","9684"
"B1614","9685"
"B1618","9686"
"B1621","9687"
"B1622","9688"
"B1624","9689"
"B1615","9690"
"B1616","9691"
"B1623","9692"
"B1627","9693"
"A1856","9694"
"A1854","9695"
"A1853","9696"
"A1852","9697"
"A1851","9698"
"A1874","9699"
"A1873","9700"
"A1870","9701"
"A1869","9702"
"A1863","9703"
"A1862","9704"
"A1865","9705"
"A1859","9706"
"A1868","9707"
"A1878","9708"
"A1876","9709"
"A1882","9710"
"A1883","9711"
"A1877","9712"
"A1913","9713"
"A1914","9714"
"A1915","9715"
"A1918","9716"
"A1907","9717"
"A1890","9718"
"A1889","9719"
"A1888","9720"
"A1887","9721"
"A1886","9722"
"A1885","9723"
"A1884","9724"
"A1911","9725"
"A1909","9726"
"A1908","9727"
"A1920","9728"
"A1921","9729"
"A1922","9730"
"A1923","9731"
"A1924","9732"
"A1929","9733"
"A1928","9734"
"A1927","9735"
"A1925","9736"
"B1702","9737"
"B1697","9738"
"B1691","9739"
"B1698","9740"
"B1688","9741"
"B1699","9742"
"B1687","9743"
"B1685","9744"
"B1705","9745"
"B1696","9746"
"B1695","9747"
"B1693","9748"
"B1692","9749"
"B1690","9750"
"B1689","9751"
"B1686","9752"
"B1684","9753"
"B1683","9754"
"B1680","9755"
"B1679","9756"
"B1678","9757"
"B1675","9758"
"B1677","9759"
"B1671","9760"
"B1700","9761"
"B1682","9762"
"B1681","9763"
"B1673","9764"
"B1674","9765"
"B1669","9766"
"B1668","9767"
"B1667","9768"
"B1666","9769"
"B1665","9770"
"B1662","9771"
"B1670","9772"
"B1664","9773"
"B1663","9774"
"B1661","9775"
"B1659","9776"
"B1660","9777"
"B1658","9778"
"B1657","9779"
"B1656","9780"
"B1655","9781"
"B1654","9782"
"B1651","9783"
"B1637","9784"
"B1636","9785"
"B1631","9786"
"B1634","9787"
"B1653","9788"
"B1649","9789"
"B1640","9790"
"B1635","9791"
"B1633","9792"
"B1652","9793"
"B1648","9794"
"B1642","9795"
"B1641","9796"
"B1639","9797"
"B1638","9798"
"B1650","9799"
"B1647","9800"
"B1646","9801"
"B1645","9802"
"B1644","9803"
"B1643","9804"
"B1632","9805"
"A1930","9806"
"A1936","9807"
"A1931","9808"
"A1932","9809"
"A1934","9810"
"A1937","9811"
"A1938","9812"
"A1939","9813"
"A1941","9814"
"A1942","9815"
"A1943","9816"
"A1944","9817"
"A1945","9818"
"A1947","9819"
"A1949","9820"
"A1951","9821"
"A1952","9822"
"A1956","9823"
"A1955","9824"
"A1953","9825"
"A1958","9826"
"A1959","9827"
"A1961","9828"
"A1963","9829"
"A1964","9830"
"A1965","9831"
"B1694","9832"
"A1867","9833"
"A1523","9834"
"E97","9835"
"A1960","9836"
"A1916","9837"
"A1917","9838"
"A1644","9839"
"A1547","9840"
"A1841","9841"
"A1836","9842"
"A1542","9843"
"B1628","9844"
"A1933","9845"
"A1721","9846"
"A1910","9847"
"A1730","9848"
"B1592","9849"
"B1526","9850"
"A1743","9851"
"B1378","9852"
"B1379","9853"
"B1538","9854"
"A1648","9855"
"A1950","9856"
"B1405","9857"
"A1569","9858"
"B1390","9859"
"A1830","9860"
"A1800","9861"
"A1753","9862"
"B1701","9863"
"B1466","9864"
"A1799","9865"
"A1880","9866"
"B1354","9867"
"A1771","9868"
"A2121","9868"
"B1625","9869"
"A1701","9870"
"A1792","9871"
"B1389","9872"
"A1694","9873"
"B1365","9874"
"B1589","9875"
"A1848","9876"
"A1724","9877"
"A1584","9878"
"A1566","9879"
"A1875","9880"
"A1832","9881"
"A1946","9882"
"A1764","9883"
"A1899","9884"
"A1705","9885"
"B1382","9886"
"A1565","9887"
"A1708","9888"
"A1835","9889"
"B1606","9890"
"B1408","9891"
"A1855","9892"
"A1858","9893"
"B1630","9894"
"B1391","9895"
"A1625","9896"
"A1776","9897"
"A1919","9898"
"A1618","9899"
"B1617","9900"
"B1357","9901"
"B1672","9902"
"B1370","9903"
"B1601","9904"
"B1352","9905"
"B1604","9906"
"A1647","9907"
"B1676","9908"
"B1371","9909"
"A1725","9910"
"B1602","9911"
"A1642","9912"
"B1372","9913"
"B1600","9914"
"A1797","9915"
"A1768","9916"
"A1601","9917"
"B1435","9918"
"A1549","9919"
"A1706","9920"
"A1624","9921"
"A1718","9922"
"A1590","9923"
"A1954","9924"
"A1557","9925"
"A1769","9926"
"A1866","9927"
"B1387","9928"
"B1559","9929"
"A1595","9930"
"A1957","9931"
"B1376","9932"
"A1828","9933"
"B1576","9934"
"A1731","9935"
"A2333","9935"
"A1673","9936"
"A1926","9937"
"A1682","9938"
"A1995","9938"
"A1575","9939"
"B1380","9940"
"A1789","9941"
"B1476","9942"
"A1577","9943"
"A1711","9944"
"B1386","9945"
"A1857","9946"
"A1660","9947"
"B1567","9948"
"A1579","9949"
"B1609","9950"
"B1498","9951"
"A1696","9952"
"B1388","9953"
"A1574","9954"
"A1834","9955"
"A1891","9956"
"A1727","9957"
"B1565","9958"
"A1609","9959"
"A1554","9960"
"A1723","9961"
"A1802","9962"
"A1556","9963"
"B1434","9964"
"B1556","9965"
"B2048","9965"
"A1807","9966"
"A1697","9967"
"A1709","9968"
"B1703","9969"
"B1704","9970"
"B1626","9971"
"B1478","9972"
"A1576","9973"
"A1591","9974"
"A1734","9975"
"B1409","9976"
"A1629","9977"
"A1912","9978"
"A1861","9979"
"B1586","9980"
"A1962","9981"
"B1510","9982"
"A1594","9983"
"B1605","9984"
"A1561","9985"
"A1688","9986"
"A1791","9987"
"A1739","9988"
"B1533","9989"
"B1629","9990"
"B1451","9991"
"A1784","9992"
"A1860","9993"
"A1685","9994"
"B1432","9995"
"B1433","9996"
"A1704","9997"
"A1850","9998"
"B1497","9999"
"B1521","10000"
"B1422","10001"
"B1535","10002"
"B2146","10002"
"A1690","10003"
"A1619","10004"
"A1781","10005"
"A1650","10006"
"A1663","10007"
"A1714","10008"
"B1401","10009"
"A1597","10010"
"A2183","10010"
"A1664","10011"
"A1558","10012"
"A1699","10013"
"A1522","10014"
"A1819","10015"
"A1839","10016"
"A1744","10017"
"B1613","10018"
"A1780","10019"
"A1658","10020"
"A1691","10021"
"A1634","10022"
"A1798","10023"
"B1480","10024"
"A2338","10024"
"A1881","10025"
"E99","10026"
"A1790","10027"
"A1935","10028"
"A1864","10029"
"A2210","10029"
"B1366","10030"
"A1879","10031"
"A2208","10031"
"A1528","10032"
"A1525","10033"
"A1526","10034"
"A1520","10035"
"A1524","10036"
"A1652","10037"
"A1521","10038"
"A1871","10039"
"A1717","10040"
"A1948","10041"
"A1940","10042"
"A1779","10043"
"A1903","10044"
"A1812","10045"
"A1679","10046"
"A1600","10047"
"A1872","10048"
"A1562","10049"
"A1622","10049"
"A1737","10050"
"A1833","10050"
"A2317","10050"
"B1407","10051"
"B1520","10051"
"B1585","10052"
"B1584","10052"
"B1419","10053"
"B1518","10053"
"A1519","10054"
"A1686","10054"
"E104","10055"
"E102","10056"
"E103","10057"
"E105","10058"
"E101","10059"
"D323","10060"
"D324","10061"
"D325","10062"
"D326","10063"
"D329","10064"
"D330","10065"
"D331","10066"
"D327","10067"
"D328","10068"
"D332","10069"
"D334","10070"
"D335","10071"
"D336","10072"
"D333","10073"
"D337","10074"
"D338","10075"
"D339","10076"
"D340","10077"
"B1706","11094"
"B1715","11095"
"B1759","11096"
"B1750","11097"
"B1744","11098"
"B1754","11099"
"B1758","11100"
"B1740","11101"
"B1752","11102"
"B1746","11103"
"B1749","11104"
"B1755","11105"
"B1751","11106"
"B1748","11107"
"B1756","11108"
"B1747","11109"
"B1727","11110"
"B1745","11111"
"B1731","11112"
"B1730","11113"
"B1753","11114"
"B1732","11115"
"B1735","11116"
"B1723","11117"
"B1741","11118"
"B1739","11119"
"B1742","11120"
"B1757","11121"
"B1743","11122"
"B1736","11123"
"B1728","11124"
"B1724","11125"
"B1726","11126"
"B1717","11127"
"B1721","11128"
"B1719","11129"
"B1718","11130"
"B1738","11131"
"B1734","11132"
"B1714","11133"
"B1725","11134"
"B1711","11135"
"B1716","11136"
"B1712","11137"
"B1720","11138"
"B1709","11139"
"B1713","11140"
"B1708","11141"
"B1722","11142"
"B1710","11143"
"B1729","11144"
"B1733","11145"
"B1737","11146"
"B1773","11147"
"B1761","11148"
"B1775","11149"
"B1763","11150"
"B1776","11151"
"B1777","11152"
"B1772","11153"
"B1760","11154"
"B1774","11155"
"B1771","11157"
"B1770","11158"
"B1767","11159"
"B1765","11160"
"B1764","11161"
"B1792","11162"
"B1782","11163"
"B1790","11164"
"B1787","11165"
"B1791","11166"
"B1780","11167"
"B1798","11168"
"B1839","11169"
"B1762","11170"
"B1768","11171"
"B1766","11172"
"B1794","11173"
"B1785","11174"
"B1796","11175"
"B1797","11176"
"B1793","11177"
"B1786","11178"
"B1778","11179"
"B1779","11180"
"B1781","11181"
"B1795","11182"
"B1784","11183"
"B1789","11184"
"B1788","11185"
"B1783","11186"
"B1844","11187"
"B1845","11188"
"B1843","11189"
"B1838","11190"
"B1800","11191"
"B1836","11192"
"B1827","11193"
"B1828","11194"
"B1837","11195"
"B1841","11196"
"B1842","11197"
"B1799","11198"
"B1840","11199"
"B1826","11200"
"B1707","11201"
"B1835","11202"
"B1821","11203"
"B1822","11204"
"B1823","11205"
"B1834","11206"
"B1824","11207"
"B1825","11208"
"B1801","11209"
"B1802","11210"
"B1803","11211"
"B1804","11212"
"B1805","11213"
"B1806","11214"
"B1807","11215"
"B1808","11216"
"B1818","11217"
"B1817","11218"
"B1816","11219"
"B1809","11220"
"B1810","11221"
"B1815","11222"
"B1814","11223"
"B1813","11224"
"B1812","11225"
"B1811","11226"
"B1829","11227"
"B1830","11228"
"B1831","11229"
"B1832","11230"
"B1833","11231"
"B1849","11232"
"B1848","11233"
"B1846","11234"
"B1820","11235"
"B1819","11236"
"B1847","11237"
"B1853","11238"
"B1852","11239"
"B1857","11240"
"B1850","11241"
"B1855","11242"
"B1854","11243"
"B1858","11244"
"B1856","11245"
"B1851","11246"
"B1864","11247"
"B1861","11248"
"B1860","11249"
"B1862","11250"
"B1859","11251"
"B1863","11252"
"B1867","11253"
"B1871","11254"
"B1866","11255"
"B1870","11256"
"B1865","11257"
"B1868","11258"
"B1869","11259"
"B1873","11260"
"B1872","11261"
"B1879","11262"
"B1884","11263"
"B1877","11264"
"B1875","11265"
"B1874","11266"
"B1889","11267"
"B1887","11268"
"B1882","11269"
"B1881","11270"
"B1885","11271"
"B1876","11272"
"B1883","11273"
"B1878","11274"
"B1888","11275"
"B1886","11276"
"B1880","11277"
"B1900","11278"
"B1901","11279"
"B1898","11280"
"B1897","11281"
"B1899","11282"
"B1892","11283"
"B1891","11284"
"B1895","11285"
"B1894","11286"
"B1893","11287"
"B1896","11288"
"B1903","11289"
"B1902","11290"
"B1890","11291"
"B1904","11292"
"B1908","11293"
"B1907","11294"
"B1906","11295"
"B1905","11296"
"B1909","11297"
"B1911","11298"
"B1910","11299"
"D341","11054"
"D342","11055"
"D343","11056"
"D344","11057"
"D345","11058"
"D346","11059"
"B1912","11300"
"B1913","11301"
"B1914","11302"
"B1915","11303"
"B1916","11304"
"B1917","11305"
"A1974","11306"
"A1967","11307"
"A1966","11308"
"A1973","11309"
"A1972","11310"
"A1971","11311"
"A1970","11312"
"A1969","11313"
"A1968","11314"
"B1922","11316"
"B1928","11317"
"B1929","11318"
"B1930","11319"
"B1919","11320"
"A1978","11321"
"B1920","11322"
"B1931","11323"
"B1921","11324"
"B1924","11325"
"B1926","11326"
"B1927","11327"
"B1925","11328"
"B1923","11329"
"A1977","11330"
"A1976","11331"
"A1975","11332"
"D347","11333"
"B1949","11334"
"B1945","11335"
"B1948","11336"
"B1943","11337"
"B1941","11338"
"B1942","11339"
"B1937","11340"
"B1936","11341"
"B1935","11342"
"B1934","11343"
"B1940","11344"
"B1947","11345"
"B1933","11346"
"B1932","11347"
"B1939","11348"
"B1938","11349"
"B1946","11350"
"B1944","11351"
"B1960","11352"
"B1963","11353"
"B1964","11354"
"B1956","11355"
"B1955","11356"
"B1952","11357"
"B1950","11358"
"B1951","11359"
"B1962","11360"
"B1961","11361"
"B1953","11362"
"B1958","11363"
"B1959","11364"
"B1957","11365"
"B1954","11366"
"B1973","11367"
"B1972","11368"
"B1967","11369"
"B1966","11370"
"B1965","11371"
"B1976","11372"
"B1979","11373"
"B1981","11374"
"B1980","11375"
"B1982","11376"
"B1983","11377"
"B1978","11378"
"B1971","11379"
"B1974","11380"
"B1970","11381"
"B1969","11382"
"B1968","11383"
"B1977","11384"
"B1984","11385"
"A1982","11386"
"A1983","11387"
"B1975","11388"
"A1980","11389"
"A1979","11390"
"A1981","11391"
"A1984","11392"
"B1998","11393"
"B1994","11394"
"B1997","11395"
"B1996","11396"
"B1995","11397"
"B1988","11398"
"B1987","11399"
"B1993","11400"
"B1992","11401"
"B1991","11402"
"B1986","11403"
"B1985","11404"
"B1990","11405"
"B1989","11406"
"A2048","11407"
"A1987","11408"
"A1990","11409"
"A1986","11410"
"A1985","11411"
"A1992","11412"
"A1989","11413"
"A1988","11414"
"A1991","11415"
"A2043","11416"
"A2042","11417"
"A2041","11418"
"A2060","11419"
"A2047","11420"
"A2046","11421"
"A2064","11422"
"A2063","11423"
"A2062","11424"
"A2040","11425"
"A2044","11426"
"A2045","11427"
"A1996","11428"
"D351","11060"
"D352","11061"
"D353","11062"
"D354","11063"
"D355","11064"
"D356","11065"
"D357","11066"
"D358","11067"
"D359","11068"
"A2019","11429"
"A2020","11430"
"A2021","11431"
"A2025","11432"
"A2026","11433"
"A2022","11434"
"A2023","11435"
"A2024","11436"
"A2027","11437"
"A2003","11438"
"A2028","11439"
"A2029","11440"
"A2001","11441"
"A2004","11442"
"A2002","11443"
"A1994","11444"
"A1993","11445"
"A1999","11446"
"A2000","11447"
"D349","11069"
"D350","11070"
"D348","11071"
"D361","11073"
"D362","11074"
"D363","11075"
"D364","11076"
"D365","11077"
"D366","11078"
"D367","11079"
"D368","11080"
"D370","11081"
"D369","11082"
"A2013","11448"
"A2014","11449"
"A2096","11450"
"A2086","11451"
"A2059","11452"
"A2058","11453"
"A2057","11454"
"A2056","11455"
"A2055","11456"
"A2054","11457"
"A2053","11458"
"A2052","11459"
"A2051","11460"
"A2050","11461"
"A2049","11462"
"A2039","11463"
"A2038","11464"
"A2037","11465"
"A2005","11466"
"A2018","11467"
"A1998","11468"
"A1997","11469"
"A2009","11470"
"A2008","11471"
"A2030","11472"
"A2011","11474"
"A2015","11475"
"A2007","11476"
"A2010","11477"
"A2017","11478"
"A2012","11479"
"A2016","11480"
"A2006","11481"
"A2098","11482"
"A2109","11483"
"A2097","11484"
"A2087","11485"
"A2065","11486"
"A2099","11487"
"A2085","11488"
"A2073","11490"
"A2244","11491"
"A2072","11492"
"A2071","11493"
"A2069","11494"
"A2070","11495"
"A2068","11496"
"A2067","11497"
"A2066","11498"
"A2110","11499"
"A2105","11500"
"A2111","11501"
"A2102","11502"
"A2101","11503"
"A2107","11504"
"A2112","11505"
"A2108","11506"
"A2106","11507"
"A2104","11508"
"A2103","11509"
"A2242","11510"
"A2241","11511"
"A2075","11512"
"E90","11513"
"E89","11514"
"A2100","11515"
"A2036","11516"
"A2035","11517"
"A2061","11518"
"A2078","11519"
"A2079","11520"
"A2091","11521"
"A2090","11522"
"A2094","11523"
"A2084","11524"
"A2089","11525"
"A2088","11526"
"A2092","11527"
"A2095","11528"
"A2093","11529"
"A2083","11530"
"A2082","11531"
"A2081","11532"
"A2080","11533"
"A2165","11534"
"A2126","11536"
"A2160","11537"
"A2125","11538"
"A2159","11539"
"A2124","11540"
"A2123","11541"
"A2184","11542"
"A2156","11543"
"A2157","11544"
"A2115","11545"
"A2122","11546"
"A2033","11547"
"A2031","11548"
"A2034","11549"
"A2032","11550"
"A2166","11551"
"A2176","11552"
"A2177","11553"
"A2245","11554"
"A2252","11555"
"A2175","11556"
"A2142","11557"
"A2117","11558"
"A2164","11559"
"A2250","11560"
"A2158","11561"
"A2116","11562"
"A2251","11563"
"A2249","11564"
"A2172","11566"
"A2149","11567"
"A2118","11568"
"A2243","11569"
"A2147","11570"
"A2246","11571"
"A2247","11572"
"A2248","11573"
"A2144","11574"
"A2173","11575"
"A2113","11576"
"A2150","11577"
"A2114","11578"
"A2148","11579"
"A2171","11580"
"A2143","11581"
"A2145","11582"
"A2146","11583"
"A2174","11584"
"A2119","11585"
"A2151","11586"
"A2153","11587"
"A2152","11588"
"A2155","11589"
"A2120","11590"
"A2154","11591"
"D371","11083"
"D375","11084"
"D372","11085"
"B2016","11592"
"B2010","11593"
"B2026","11594"
"B2031","11595"
"B2009","11596"
"B2002","11597"
"B2003","11598"
"B2036","11599"
"B2035","11600"
"B1999","11601"
"B2025","11602"
"B2000","11603"
"B2015","11604"
"B2046","11605"
"B2049","11606"
"B2050","11607"
"B2045","11608"
"B2057","11609"
"B2044","11611"
"B2056","11612"
"B2043","11613"
"B2042","11614"
"B2004","11615"
"B2032","11616"
"B2033","11617"
"B2034","11618"
"B2001","11619"
"B2047","11620"
"B2041","11621"
"B2055","11622"
"B2054","11623"
"B2030","11624"
"B2006","11625"
"B2053","11626"
"B2017","11627"
"B2058","11628"
"B2060","11629"
"B2052","11630"
"B2051","11631"
"B2024","11632"
"B2022","11633"
"B2059","11634"
"B2007","11635"
"B2014","11636"
"B2040","11637"
"B2011","11638"
"B2008","11639"
"B2018","11640"
"B2028","11641"
"B2027","11642"
"B2020","11643"
"B2023","11644"
"B2019","11645"
"B2013","11646"
"B2005","11647"
"B2021","11648"
"B2029","11649"
"B2012","11650"
"B2037","11651"
"B2039","11652"
"B2038","11653"
"B2088","11654"
"B2081","11655"
"B2075","11656"
"B2070","11657"
"B2074","11658"
"B2077","11659"
"B2069","11660"
"B2073","11661"
"B2086","11662"
"B2082","11663"
"B2072","11664"
"B2076","11665"
"B2071","11666"
"B2068","11667"
"B2064","11668"
"B2067","11669"
"B2066","11670"
"B2065","11671"
"B2063","11672"
"B2062","11673"
"B2061","11674"
"B2085","11675"
"B2080","11676"
"B2084","11677"
"B2083","11678"
"B2087","11679"
"B2079","11680"
"B2078","11681"
"B2089","11682"
"B2090","11683"
"A2167","11684"
"A2179","11685"
"A2178","11686"
"A2170","11687"
"A2141","11688"
"A2169","11689"
"A2140","11690"
"A2182","11691"
"A2181","11692"
"A2180","11693"
"A2163","11694"
"A2162","11695"
"A2161","11696"
"A2168","11697"
"A2190","11698"
"A2191","11699"
"A2192","11700"
"A2189","11701"
"A2187","11702"
"A2186","11703"
"A2185","11704"
"A2188","11705"
"A2139","11706"
"A2130","11707"
"A2138","11708"
"A2129","11709"
"A2137","11710"
"A2136","11711"
"A2135","11712"
"A2128","11713"
"A2127","11714"
"A2134","11715"
"A2133","11716"
"A2132","11717"
"A2131","11718"
"A2198","11719"
"A2197","11720"
"A2196","11721"
"A2195","11722"
"A2199","11723"
"A2194","11724"
"A2193","11725"
"A2200","11726"
"A2201","11727"
"A2202","11728"
"A2203","11729"
"A2205","11730"
"A2206","11731"
"A2204","11732"
"A2215","11733"
"A2214","11734"
"A2213","11735"
"A2212","11736"
"A2211","11737"
"A2209","11739"
"A2207","11741"
"A2223","11742"
"A2222","11743"
"A2221","11744"
"A2220","11745"
"A2216","11746"
"A2217","11747"
"A2218","11748"
"A2219","11749"
"A2225","11750"
"A2224","11751"
"A2253","11752"
"A2254","11753"
"A2255","11754"
"A2256","11755"
"A2257","11756"
"A2258","11757"
"A2259","11758"
"A2260","11759"
"A2261","11760"
"A2262","11761"
"A2263","11762"
"A2264","11763"
"A2265","11764"
"A2238","11765"
"A2266","11766"
"A2267","11767"
"A2268","11768"
"A2269","11769"
"A2270","11770"
"A2271","11771"
"A2239","11772"
"A2230","11773"
"A2232","11774"
"A2231","11775"
"A2228","11776"
"A2227","11777"
"A2234","11778"
"A2240","11779"
"A2236","11780"
"A2226","11782"
"A2237","11783"
"A2229","11784"
"A2272","11785"
"A2273","11786"
"A2275","11787"
"A2274","11788"
"A2233","11789"
"A2276","11790"
"A2277","11791"
"A2278","11792"
"A2279","11793"
"A2280","11794"
"A2281","11795"
"A2282","11796"
"A2283","11797"
"A2285","11798"
"A2286","11799"
"A2284","11800"
"A2287","11801"
"A2288","11802"
"D376","11086"
"D381","11087"
"D380","11088"
"D374","11089"
"D373","11090"
"D377","11091"
"D378","11092"
"D379","11093"
"A2353","11803"
"A2360","11804"
"A2367","11805"
"A2374","11806"
"A2315","11807"
"A2304","11808"
"A2297","11809"
"A2311","11810"
"A2318","11811"
"A2325","11812"
"A2332","11813"
"A2339","11814"
"A2347","11815"
"A2346","11816"
"A2381","11817"
"A2388","11818"
"A2395","11819"
"A2402","11820"
"A2416","11821"
"A2409","11822"
"A2423","11823"
"A2437","11824"
"A2444","11825"
"A2430","11826"
"C174","11827"
"C173","11828"
"B2135","11829"
"B2118","11830"
"B2107","11831"
"B2100","11832"
"B2093","11833"
"B2104","11834"
"B2111","11835"
"B2114","11836"
"B2128","11837"
"B2121","11838"
"A2493","11839"
"A2486","11840"
"A2479","11841"
"A2472","11842"
"A2465","11843"
"A2458","11844"
"A2451","11845"
"B2091","11846"
"B2092","11847"
"B2094","11848"
"B2095","11849"
"B2097","11850"
"B2096","11851"
"B2098","11852"
"B2099","11853"
"B2115","11854"
"B2113","11855"
"B2112","11856"
"B2116","11857"
"B2117","11858"
"B2109","11859"
"B2110","11860"
"B2108","11861"
"B2103","11862"
"B2106","11863"
"B2102","11864"
"B2101","11865"
"B2105","11866"
"B2123","11867"
"B2178","11868"
"B2167","11869"
"B2174","11870"
"B2177","11871"
"E107","11872"
"E108","11873"
"E106","11874"
"B2170","11875"
"B2192","11876"
"B2183","11877"
"B2176","11878"
"B2169","11879"
"B2173","11880"
"B2172","11881"
"B2175","11882"
"B2180","11883"
"B2171","11884"
"B2181","11885"
"B2182","11886"
"B2199","11887"
"B2165","11888"
"B2163","11890"
"B2168","11891"
"B2166","11892"
"B2197","11893"
"B2196","11894"
"B2194","11895"
"B2193","11896"
"B2188","11897"
"B2179","11898"
"B2186","11899"
"B2185","11900"
"B2187","11901"
"B2162","11902"
"B2161","11903"
"B2195","11904"
"B2198","11905"
"B2190","11906"
"B2191","11907"
"B2184","11908"
"B2189","11909"
"B2200","11910"
"B2148","11911"
"B2159","11912"
"B2136","11913"
"B2133","11914"
"B2139","11915"
"B2141","11916"
"B2156","11917"
"B2153","11918"
"B2137","11919"
"B2143","11920"
"B2151","11921"
"B2138","11922"
"B2140","11923"
"B2126","11924"
"B2130","11925"
"B2144","11926"
"B2129","11927"
"B2124","11928"
"B2120","11929"
"B2131","11931"
"B2122","11932"
"B2119","11933"
"B2132","11934"
"B2134","11935"
"B2142","11936"
"B2158","11937"
"B2150","11938"
"B2127","11939"
"B2147","11940"
"B2125","11941"
"B2152","11942"
"B2154","11943"
"B2149","11944"
"B2145","11945"
"B2155","11946"
"B2157","11947"
"B2160","11948"
"A2336","11949"
"A2312","11950"
"A2316","11951"
"A2296","11953"
"A2331","11954"
"A2305","11955"
"A2303","11956"
"A2299","11957"
"A2320","11958"
"A2302","11959"
"A2334","11960"
"A2301","11962"
"A2306","11963"
"A2310","11964"
"A2294","11965"
"A2323","11966"
"A2292","11967"
"A2324","11968"
"A2322","11969"
"A2321","11970"
"A2293","11971"
"A2335","11972"
"A2328","11973"
"A2298","11974"
"A2295","11975"
"A2291","11976"
"A2307","11977"
"A2337","11978"
"A2300","11979"
"A2290","11980"
"A2309","11981"
"A2308","11982"
"A2329","11983"
"A2330","11984"
"A2327","11986"
"A2319","11987"
"A2314","11988"
"A2326","11989"
"A2313","11990"
"A2289","11991"
"A2412","11992"
"A2410","11993"
"A2406","11994"
"A2407","11995"
"A2420","11996"
"A2426","11997"
"A2424","11998"
"A2419","11999"
"A2427","12000"
"A2422","12001"
"A2421","12002"
"A2384","12003"
"A2394","12004"
"A2393","12005"
"A2408","12006"
"A2425","12007"
"A2414","12008"
"A2413","12009"
"A2418","12010"
"A2411","12011"
"A2417","12012"
"A2415","12013"
"A2391","12014"
"A2382","12015"
"A2383","12016"
"A2385","12017"
"A2392","12018"
"A2389","12019"
"A2387","12020"
"A2386","12021"
"A2396","12022"
"A2390","12023"
"A2397","12024"
"A2398","12025"
"A2399","12026"
"A2403","12027"
"E141","12028"
"A2405","12029"
"E142","12030"
"A2404","12031"